[
  {
    "id": "a854776c-b9f8-4ce3-a0ce-aed4f2851de6",
    "data": [
      {
        "text": "price",
        "userDefined": false
      }
    ],
    "isTemplate": false,
    "count": 0,
    "updated": 1540475112
  },
  {
    "id": "096caf84-e344-459f-bd23-fccde081cb7b",
    "data": [
      {
        "text": "price of bitcoin",
        "userDefined": false
      }
    ],
    "isTemplate": false,
    "count": 0,
    "updated": 1540475112
  },
  {
    "id": "5101cee5-0ef6-405a-812b-38cd796b10d6",
    "data": [
      {
        "text": "current bitcoin price",
        "userDefined": false
      }
    ],
    "isTemplate": false,
    "count": 0,
    "updated": 1525800773
  }
]