[
  {
    "id": "8022c958-3008-40b4-b971-94d4490f2512",
    "data": [
      {
        "text": "bubbles garage",
        "userDefined": false
      }
    ],
    "isTemplate": false,
    "count": 0,
    "updated": 1539112748
  },
  {
    "id": "df528f43-414e-4a7b-864a-9968ce610858",
    "data": [
      {
        "text": "Welcome",
        "userDefined": false
      }
    ],
    "isTemplate": false,
    "count": 0,
    "updated": 1520887959
  },
  {
    "id": "789bfe1f-4014-4193-a0a6-80aa1b3997c0",
    "data": [
      {
        "text": "start",
        "userDefined": false
      }
    ],
    "isTemplate": false,
    "count": 0,
    "updated": 1520887959
  }
]